{
  "mae": 53.0600700378418,
  "mse": 4959.767578125,
  "r2": 0.1925988793373108,
  "train_time_sec": 3237.8993566036224,
  "infer_time_sec": 48.352083683013916,
  "param_count": 161468,
  "epochs_run": 8
}