{
  "mae": 50.694515228271484,
  "mse": 4890.33935546875,
  "r2": 0.20390111207962036
}