{
  "mae": 1398.079833984375,
  "mse": 9169323.0,
  "r2": 0.5940898060798645,
  "train_time_sec": 574.8488111495972,
  "infer_time_sec": 9.229903936386108,
  "param_count": 139568,
  "epochs_run": 8
}