{
  "mae": 1406.1177978515625,
  "mse": 9134988.0,
  "r2": 0.5956097841262817
}