{
  "val_loss": 1.6657315492630005,
  "val_accuracy": 0.5184522271156311,
  "accuracy": 0.5184522014475271,
  "f1_score": 0.49245924420853104,
  "train_time_sec": 2854.4299626350403,
  "infer_time_sec": 85.36715936660767,
  "param_count": 50568,
  "best_epoch": 5,
  "epochs_run": 8,
  "early_stopped": true,
  "early_stopping": {
    "monitor": "val_loss",
    "mode": "min",
    "min_delta": 0.001,
    "patience": 3
  }
}