{
  "accuracy": 0.41836537973720256,
  "train_time_sec": 5300.953147411346,
  "infer_time_sec": 47.69444251060486,
  "param_count": 161468,
  "epochs_run": 13
}