{
  "val_loss": 97232.90625,
  "val_mae": 49.814735412597656,
  "mae": 49.814727783203125,
  "mse": 97232.90625,
  "r2": 0.41232144832611084,
  "train_time_sec": 22.17706871032715,
  "infer_time_sec": 1.5463979244232178,
  "param_count": 37701,
  "best_epoch": 1,
  "epochs_run": 4,
  "early_stopped": true,
  "early_stopping": {
    "monitor": "val_loss",
    "mode": "min",
    "min_delta": 0.001,
    "patience": 3
  }
}