{
  "accuracy": 0.6546141392336752,
  "train_time_sec": 1466.5549190044403,
  "infer_time_sec": 12.100975275039673,
  "param_count": 143093,
  "epochs_run": 14
}