{
  "val_loss": 9104085.0,
  "val_mae": 1423.670166015625,
  "mae": 1423.6695556640625,
  "mse": 9104096.0,
  "r2": 0.5921000242233276,
  "train_time_sec": 318.8402268886566,
  "infer_time_sec": 13.59658169746399,
  "param_count": 36405,
  "best_epoch": 3,
  "epochs_run": 6,
  "early_stopped": true,
  "early_stopping": {
    "monitor": "val_loss",
    "mode": "min",
    "min_delta": 0.001,
    "patience": 3
  }
}