{
  "mae": 233.48887634277344,
  "mse": 91345.8125,
  "r2": 0.07952874898910522,
  "train_time_sec": 633.7905366420746,
  "infer_time_sec": 9.40928053855896,
  "param_count": 139568,
  "epochs_run": 9
}