{
  "mae": 232.36148071289062,
  "mse": 91509.9609375,
  "r2": 0.07787466049194336
}