{
  "val_loss": 0.46883758902549744,
  "val_accuracy": 0.8142028450965881,
  "accuracy": 0.814202828801369,
  "f1_score": 0.7726284467857274,
  "train_time_sec": 877.0948169231415,
  "infer_time_sec": 19.726073741912842,
  "param_count": 160098,
  "best_epoch": 7,
  "epochs_run": 10,
  "early_stopped": true,
  "early_stopping": {
    "monitor": "val_loss",
    "mode": "min",
    "min_delta": 0.001,
    "patience": 3
  }
}