{
  "val_loss": 100382.7578125,
  "val_mae": 50.49475860595703,
  "mae": 50.49476623535156,
  "mse": 100382.7734375,
  "r2": 0.40958940982818604,
  "train_time_sec": 26.451932907104492,
  "infer_time_sec": 1.4228742122650146,
  "param_count": 37701,
  "best_epoch": 2,
  "epochs_run": 5,
  "early_stopped": true,
  "early_stopping": {
    "monitor": "val_loss",
    "mode": "min",
    "min_delta": 0.001,
    "patience": 3
  }
}