{
  "val_loss": 0.5496013164520264,
  "val_accuracy": 0.8254444599151611,
  "accuracy": 0.8254444700992842,
  "f1_score": 0.7876786425652135,
  "train_time_sec": 3.8760130405426025,
  "infer_time_sec": 0.5404882431030273,
  "param_count": 30623,
  "best_epoch": 2,
  "epochs_run": 2,
  "early_stopped": false,
  "early_stopping": {
    "monitor": "val_loss",
    "mode": "min",
    "min_delta": 0.001,
    "patience": 3
  }
}