{
  "val_loss": 0.5643746852874756,
  "val_accuracy": 0.8136689066886902,
  "accuracy": 0.813668898637728,
  "f1_score": 0.7701442879036576,
  "train_time_sec": 21.608067274093628,
  "infer_time_sec": 0.82281494140625,
  "param_count": 30623,
  "best_epoch": 5,
  "epochs_run": 8,
  "early_stopped": true,
  "early_stopping": {
    "monitor": "val_loss",
    "mode": "min",
    "min_delta": 0.001,
    "patience": 3
  }
}