{
  "mae": 39.26426315307617,
  "mse": 62690.83984375,
  "r2": 0.42314738035202026
}