{
  "mae": 33.56204605102539,
  "mse": 64078.98046875,
  "r2": 0.41037434339523315,
  "train_time_sec": 43.044442653656006,
  "infer_time_sec": 1.3556466102600098,
  "param_count": 142253,
  "epochs_run": 6
}