{
  "mae": 12.147902488708496,
  "mse": 1314.1256103515625,
  "r2": 0.2630314230918884
}