{
  "mae": 11.82532787322998,
  "mse": 1265.2799072265625,
  "r2": 0.2904244065284729,
  "train_time_sec": 1466.5549190044403,
  "infer_time_sec": 12.100975275039673,
  "param_count": 143093,
  "epochs_run": 14
}