{
  "accuracy": 0.8048557756699826,
  "train_time_sec": 392.9230086803436,
  "infer_time_sec": 8.946013927459717,
  "param_count": 139352,
  "epochs_run": 6
}