{
  "mae": 1406.304931640625,
  "mse": 9135688.0,
  "r2": 0.5995175242424011
}