{
  "mae": 1425.41064453125,
  "mse": 9220195.0,
  "r2": 0.595812976360321,
  "train_time_sec": 355.03652834892273,
  "infer_time_sec": 10.406866073608398,
  "param_count": 139568,
  "epochs_run": 5
}