{
  "val_loss": 0.5286770462989807,
  "val_accuracy": 0.8343964219093323,
  "accuracy": 0.834396409166076,
  "f1_score": 0.798408738464253,
  "train_time_sec": 4.480004072189331,
  "infer_time_sec": 0.5020937919616699,
  "param_count": 30623,
  "best_epoch": 2,
  "epochs_run": 2,
  "early_stopped": false,
  "early_stopping": {
    "monitor": "val_loss",
    "mode": "min",
    "min_delta": 0.001,
    "patience": 3
  }
}