{
  "val_loss": 0.5065971612930298,
  "val_accuracy": 0.8395936489105225,
  "accuracy": 0.8395936687928184,
  "f1_score": 0.8035531275932788,
  "train_time_sec": 21.768263339996338,
  "infer_time_sec": 0.8071491718292236,
  "param_count": 30623,
  "best_epoch": 5,
  "epochs_run": 8,
  "early_stopped": true,
  "early_stopping": {
    "monitor": "val_loss",
    "mode": "min",
    "min_delta": 0.001,
    "patience": 3
  }
}