{
  "val_loss": 0.4623900055885315,
  "val_accuracy": 0.8163608312606812,
  "accuracy": 0.8163608385885953,
  "f1_score": 0.7653663173152282,
  "train_time_sec": 1980.3242540359497,
  "infer_time_sec": 44.948877573013306,
  "param_count": 200898,
  "best_epoch": 9,
  "epochs_run": 12,
  "early_stopped": true,
  "early_stopping": {
    "monitor": "val_loss",
    "mode": "min",
    "min_delta": 0.001,
    "patience": 3
  }
}