{
  "val_loss": 1719.0985107421875,
  "val_mae": 15.973551750183105,
  "mae": 15.973533630371094,
  "mse": 1719.0986328125,
  "r2": 0.06646734476089478,
  "train_time_sec": 452.85572481155396,
  "infer_time_sec": 19.428184747695923,
  "param_count": 37989,
  "best_epoch": 2,
  "epochs_run": 5,
  "early_stopped": true,
  "early_stopping": {
    "monitor": "val_loss",
    "mode": "min",
    "min_delta": 0.001,
    "patience": 3
  }
}