{
  "val_loss": 1420.921142578125,
  "val_mae": 15.2112455368042,
  "mae": 15.211236000061035,
  "mse": 1420.92236328125,
  "r2": 0.1297851800918579,
  "train_time_sec": 1073.5750522613525,
  "infer_time_sec": 20.511166095733643,
  "param_count": 37989,
  "best_epoch": 9,
  "epochs_run": 12,
  "early_stopped": true,
  "early_stopping": {
    "monitor": "val_loss",
    "mode": "min",
    "min_delta": 0.001,
    "patience": 3
  }
}