{
  "val_loss": 0.4649020731449127,
  "val_accuracy": 0.8324573636054993,
  "accuracy": 0.8324573916960732,
  "f1_score": 0.8093062604034341,
  "train_time_sec": 1229.9419620037079,
  "infer_time_sec": 21.15111255645752,
  "param_count": 166780,
  "best_epoch": 8,
  "epochs_run": 11,
  "early_stopped": true,
  "early_stopping": {
    "monitor": "val_loss",
    "mode": "min",
    "min_delta": 0.001,
    "patience": 3
  }
}