{
  "val_loss": 0.46591898798942566,
  "val_accuracy": 0.8278413414955139,
  "accuracy": 0.8278413294633202,
  "f1_score": 0.7942137521560951,
  "train_time_sec": 1423.505539894104,
  "infer_time_sec": 19.912869215011597,
  "param_count": 102046,
  "best_epoch": 13,
  "epochs_run": 14,
  "early_stopped": true,
  "early_stopping": {
    "monitor": "val_loss",
    "mode": "min",
    "min_delta": 0.001,
    "patience": 3
  }
}