{
  "val_loss": 0.5050210356712341,
  "val_accuracy": 0.8341110348701477,
  "accuracy": 0.8341110592627158,
  "f1_score": 0.7985840963170264,
  "train_time_sec": 44.83701491355896,
  "infer_time_sec": 1.5035994052886963,
  "param_count": 100756,
  "best_epoch": 15,
  "epochs_run": 16,
  "early_stopped": true,
  "early_stopping": {
    "monitor": "val_loss",
    "mode": "min",
    "min_delta": 0.001,
    "patience": 3
  }
}