{
  "mae": 7.969954967498779,
  "mse": 128.1366729736328,
  "r2": 0.19119513034820557,
  "train_time_sec": 1645.014271736145,
  "infer_time_sec": 13.025469541549683,
  "param_count": 143093,
  "epochs_run": 16
}