{
  "mae": 7.860293865203857,
  "mse": 128.8002166748047,
  "r2": 0.18700677156448364
}