{
  "val_loss": 57661.78515625,
  "val_mae": 171.58815002441406,
  "mae": 171.58816528320312,
  "mse": 57661.79296875,
  "r2": 0.5203401446342468,
  "train_time_sec": 3.1821138858795166,
  "infer_time_sec": 0.34269094467163086,
  "param_count": 36297,
  "best_epoch": 2,
  "epochs_run": 2,
  "early_stopped": false,
  "early_stopping": {
    "monitor": "val_loss",
    "mode": "min",
    "min_delta": 0.001,
    "patience": 3
  }
}