{
  "val_loss": 54206.72265625,
  "val_mae": 166.85353088378906,
  "mae": 166.85348510742188,
  "mse": 54206.72265625,
  "r2": 0.5490812659263611,
  "train_time_sec": 23.24975872039795,
  "infer_time_sec": 0.7395889759063721,
  "param_count": 36297,
  "best_epoch": 9,
  "epochs_run": 12,
  "early_stopped": true,
  "early_stopping": {
    "monitor": "val_loss",
    "mode": "min",
    "min_delta": 0.001,
    "patience": 3
  }
}