{
  "val_loss": 122.19578552246094,
  "val_mae": 7.684142589569092,
  "mae": 7.684144496917725,
  "mse": 122.19573974609375,
  "r2": 0.21917790174484253,
  "train_time_sec": 1442.3681180477142,
  "infer_time_sec": 20.84309697151184,
  "param_count": 37989,
  "best_epoch": 12,
  "epochs_run": 15,
  "early_stopped": true,
  "early_stopping": {
    "monitor": "val_loss",
    "mode": "min",
    "min_delta": 0.001,
    "patience": 3
  }
}