{
  "val_loss": 0.46112918853759766,
  "val_accuracy": 0.8565708994865417,
  "accuracy": 0.8565708902496467,
  "f1_score": 0.8251583406635856,
  "train_time_sec": 75.75536823272705,
  "infer_time_sec": 1.6298353672027588,
  "param_count": 161832,
  "best_epoch": 20,
  "epochs_run": 23,
  "early_stopped": true,
  "early_stopping": {
    "monitor": "val_loss",
    "mode": "min",
    "min_delta": 0.001,
    "patience": 3
  }
}