{
  "mae": 42.422054290771484,
  "mse": 4502.51416015625,
  "r2": 0.003921985626220703
}