{
  "mae": 40.2442512512207,
  "mse": 4532.4208984375,
  "r2": -0.0026941299438476562,
  "train_time_sec": 88.60201025009155,
  "infer_time_sec": 1.206270694732666,
  "param_count": 142253,
  "epochs_run": 13
}