{
  "mae": 1413.4688720703125,
  "mse": 9089428.0,
  "r2": 0.6005812883377075,
  "train_time_sec": 392.9230086803436,
  "infer_time_sec": 8.946013927459717,
  "param_count": 139352,
  "epochs_run": 6
}