{
  "mae": 1416.6143798828125,
  "mse": 9083660.0,
  "r2": 0.600834846496582
}