{
  "val_loss": 0.4675697684288025,
  "val_accuracy": 0.8147375583648682,
  "accuracy": 0.8147375738616615,
  "f1_score": 0.7639461301146718,
  "train_time_sec": 580.7589421272278,
  "infer_time_sec": 18.184502363204956,
  "param_count": 100369,
  "best_epoch": 7,
  "epochs_run": 8,
  "early_stopped": true,
  "early_stopping": {
    "monitor": "val_loss",
    "mode": "min",
    "min_delta": 0.001,
    "patience": 3
  }
}