{
  "val_loss": 89.87828063964844,
  "val_mae": 6.920424938201904,
  "mae": 6.920422077178955,
  "mse": 89.8782730102539,
  "r2": 0.7154788970947266,
  "train_time_sec": 14.638493061065674,
  "infer_time_sec": 0.911409854888916,
  "param_count": 36369,
  "best_epoch": 2,
  "epochs_run": 5,
  "early_stopped": true,
  "early_stopping": {
    "monitor": "val_loss",
    "mode": "min",
    "min_delta": 0.001,
    "patience": 3
  }
}