{
  "val_loss": 0.9565553069114685,
  "val_accuracy": 0.6509791612625122,
  "accuracy": 0.6509791535060012,
  "f1_score": 0.6365063243812692,
  "train_time_sec": 328.1313056945801,
  "infer_time_sec": 5.4392876625061035,
  "param_count": 203276,
  "best_epoch": 27,
  "epochs_run": 30,
  "early_stopped": true,
  "early_stopping": {
    "monitor": "val_loss",
    "mode": "min",
    "min_delta": 0.001,
    "patience": 3
  }
}