{
  "mae": 37.732975006103516,
  "mse": 3538.453125,
  "r2": 0.007993042469024658,
  "train_time_sec": 65.62656617164612,
  "infer_time_sec": 1.2222316265106201,
  "param_count": 142253,
  "epochs_run": 10
}