{
  "mae": 37.332740783691406,
  "mse": 3542.8388671875,
  "r2": 0.006763577461242676
}