{
  "mae": 213.4505615234375,
  "mse": 348047.125,
  "r2": 0.2866821885108948,
  "train_time_sec": 5300.953147411346,
  "infer_time_sec": 47.69444251060486,
  "param_count": 161468,
  "epochs_run": 13
}