{
  "mae": 205.4176483154297,
  "mse": 347036.65625,
  "r2": 0.28875309228897095
}