{
  "mae": 1415.8270263671875,
  "mse": 8883203.0,
  "r2": 0.6058248281478882
}