{
  "mae": 1416.57666015625,
  "mse": 8945591.0,
  "r2": 0.6030564308166504,
  "train_time_sec": 633.7905366420746,
  "infer_time_sec": 9.40928053855896,
  "param_count": 139568,
  "epochs_run": 9
}