{
  "val_loss": 0.4224453568458557,
  "val_accuracy": 0.8432828783988953,
  "accuracy": 0.8432828733689149,
  "f1_score": 0.8280599704053637,
  "train_time_sec": 1608.9281270503998,
  "infer_time_sec": 46.030850887298584,
  "param_count": 207580,
  "best_epoch": 8,
  "epochs_run": 9,
  "early_stopped": true,
  "early_stopping": {
    "monitor": "val_loss",
    "mode": "min",
    "min_delta": 0.001,
    "patience": 3
  }
}