{
  "val_loss": 86.2805404663086,
  "val_mae": 6.80662202835083,
  "mae": 6.806623458862305,
  "mse": 86.28053283691406,
  "r2": 0.7193570137023926,
  "train_time_sec": 4.039489030838013,
  "infer_time_sec": 0.551530122756958,
  "param_count": 36369,
  "best_epoch": 1,
  "epochs_run": 2,
  "early_stopped": false,
  "early_stopping": {
    "monitor": "val_loss",
    "mode": "min",
    "min_delta": 0.001,
    "patience": 3
  }
}