{
  "val_loss": 84.83934783935547,
  "val_mae": 6.742051601409912,
  "mae": 6.74205207824707,
  "mse": 84.83934783935547,
  "r2": 0.7240447998046875,
  "train_time_sec": 15.17018437385559,
  "infer_time_sec": 0.8825244903564453,
  "param_count": 36369,
  "best_epoch": 2,
  "epochs_run": 5,
  "early_stopped": true,
  "early_stopping": {
    "monitor": "val_loss",
    "mode": "min",
    "min_delta": 0.001,
    "patience": 3
  }
}