{
  "val_loss": 4454.376953125,
  "val_mae": 46.446022033691406,
  "mae": 46.44606399536133,
  "mse": 4454.37939453125,
  "r2": 0.2582041025161743,
  "train_time_sec": 2131.9841179847717,
  "infer_time_sec": 83.68136024475098,
  "param_count": 44289,
  "best_epoch": 3,
  "epochs_run": 6,
  "early_stopped": true,
  "early_stopping": {
    "monitor": "val_loss",
    "mode": "min",
    "min_delta": 0.001,
    "patience": 3
  }
}