{
  "val_loss": 1.4132568836212158,
  "val_accuracy": 0.5810370445251465,
  "accuracy": 0.5810370174909529,
  "f1_score": 0.5690457824017188,
  "train_time_sec": 5237.100020647049,
  "infer_time_sec": 79.76766324043274,
  "param_count": 205018,
  "best_epoch": 9,
  "epochs_run": 12,
  "early_stopped": true,
  "early_stopping": {
    "monitor": "val_loss",
    "mode": "min",
    "min_delta": 0.001,
    "patience": 3
  }
}