{
  "accuracy": 0.7753709198813057,
  "train_time_sec": 41.429224491119385,
  "infer_time_sec": 0.9192459583282471,
  "param_count": 139523,
  "epochs_run": 13
}