{
  "val_loss": 0.9986217617988586,
  "val_accuracy": 0.6250789761543274,
  "accuracy": 0.6250789639924195,
  "f1_score": 0.6026465487635428,
  "train_time_sec": 195.86503434181213,
  "infer_time_sec": 2.6770002841949463,
  "param_count": 162476,
  "best_epoch": 27,
  "epochs_run": 30,
  "early_stopped": true,
  "early_stopping": {
    "monitor": "val_loss",
    "mode": "min",
    "min_delta": 0.001,
    "patience": 3
  }
}