{
  "mae": 12.12784194946289,
  "mse": 1159.6402587890625,
  "r2": 0.28980201482772827
}