{
  "mae": 11.98696517944336,
  "mse": 1165.7747802734375,
  "r2": 0.2860450744628906,
  "train_time_sec": 2155.3746378421783,
  "infer_time_sec": 12.783464908599854,
  "param_count": 143093,
  "epochs_run": 21
}