{
  "val_loss": 9866001.0,
  "val_mae": 1596.4619140625,
  "mae": 1596.461669921875,
  "mse": 9865997.0,
  "r2": 0.5632492303848267,
  "train_time_sec": 215.1170527935028,
  "infer_time_sec": 13.567689418792725,
  "param_count": 36405,
  "best_epoch": 1,
  "epochs_run": 4,
  "early_stopped": true,
  "early_stopping": {
    "monitor": "val_loss",
    "mode": "min",
    "min_delta": 0.001,
    "patience": 3
  }
}