{
  "accuracy": 0.3682051547995644,
  "train_time_sec": 4491.007354736328,
  "infer_time_sec": 47.10941767692566,
  "param_count": 161468,
  "epochs_run": 11
}