{
  "val_loss": 1.0645878314971924,
  "val_accuracy": 0.6185405850410461,
  "accuracy": 0.6185405574694645,
  "f1_score": 0.5966211064381991,
  "train_time_sec": 150.702068567276,
  "infer_time_sec": 3.5291476249694824,
  "param_count": 162476,
  "best_epoch": 19,
  "epochs_run": 22,
  "early_stopped": true,
  "early_stopping": {
    "monitor": "val_loss",
    "mode": "min",
    "min_delta": 0.001,
    "patience": 3
  }
}