{
  "val_loss": 1.272554636001587,
  "val_accuracy": 0.6229147911071777,
  "accuracy": 0.6229147870155299,
  "f1_score": 0.6128160506138939,
  "train_time_sec": 16676.37684392929,
  "infer_time_sec": 179.59370851516724,
  "param_count": 245818,
  "best_epoch": 20,
  "epochs_run": 23,
  "early_stopped": true,
  "early_stopping": {
    "monitor": "val_loss",
    "mode": "min",
    "min_delta": 0.001,
    "patience": 3
  }
}