{
  "mae": 1406.9571533203125,
  "mse": 8879859.0,
  "r2": 0.6021467447280884,
  "train_time_sec": 435.8177192211151,
  "infer_time_sec": 8.950806856155396,
  "param_count": 139568,
  "epochs_run": 6
}