{
  "mae": 1408.398681640625,
  "mse": 8826452.0,
  "r2": 0.6045395731925964
}