{
  "val_loss": 0.45849230885505676,
  "val_accuracy": 0.8377937078475952,
  "accuracy": 0.8377936902885145,
  "f1_score": 0.8183136769614213,
  "train_time_sec": 1517.5657091140747,
  "infer_time_sec": 20.812782764434814,
  "param_count": 166780,
  "best_epoch": 11,
  "epochs_run": 14,
  "early_stopped": true,
  "early_stopping": {
    "monitor": "val_loss",
    "mode": "min",
    "min_delta": 0.001,
    "patience": 3
  }
}