{
  "val_loss": 0.49028250575065613,
  "val_accuracy": 0.8424399495124817,
  "accuracy": 0.8424399434762129,
  "f1_score": 0.8065785290207678,
  "train_time_sec": 49.9962592124939,
  "infer_time_sec": 1.477738380432129,
  "param_count": 100756,
  "best_epoch": 18,
  "epochs_run": 18,
  "early_stopped": true,
  "early_stopping": {
    "monitor": "val_loss",
    "mode": "min",
    "min_delta": 0.001,
    "patience": 3
  }
}