{
  "mae": 161.37451171875,
  "mse": 55296.21484375,
  "r2": 0.5400182604789734,
  "train_time_sec": 30.52432131767273,
  "infer_time_sec": 0.8639509677886963,
  "param_count": 139451,
  "epochs_run": 9
}