{
  "mae": 165.5428466796875,
  "mse": 53016.6328125,
  "r2": 0.5589809417724609
}