{
  "mae": 50.19480514526367,
  "mse": 4909.06689453125,
  "r2": 0.20356500148773193,
  "train_time_sec": 4491.007354736328,
  "infer_time_sec": 47.10941767692566,
  "param_count": 161468,
  "epochs_run": 11
}