{
  "mae": 49.9516716003418,
  "mse": 4817.4892578125,
  "r2": 0.2184222936630249
}