{
  "val_loss": 1.6663517951965332,
  "val_accuracy": 0.5191465020179749,
  "accuracy": 0.5191465303446375,
  "f1_score": 0.4912152181515508,
  "train_time_sec": 1807.90074634552,
  "infer_time_sec": 82.92298555374146,
  "param_count": 50568,
  "best_epoch": 2,
  "epochs_run": 5,
  "early_stopped": true,
  "early_stopping": {
    "monitor": "val_loss",
    "mode": "min",
    "min_delta": 0.001,
    "patience": 3
  }
}