{
  "val_loss": 0.4501652419567108,
  "val_accuracy": 0.8567732572555542,
  "accuracy": 0.8567732831608654,
  "f1_score": 0.8252635655635663,
  "train_time_sec": 78.98804020881653,
  "infer_time_sec": 1.6663763523101807,
  "param_count": 161832,
  "best_epoch": 21,
  "epochs_run": 24,
  "early_stopped": true,
  "early_stopping": {
    "monitor": "val_loss",
    "mode": "min",
    "min_delta": 0.001,
    "patience": 3
  }
}