{
  "mae": 8.60873031616211,
  "mse": 111.15695190429688,
  "r2": 0.20630478858947754,
  "train_time_sec": 54.43158411979675,
  "infer_time_sec": 0.8556792736053467,
  "param_count": 139523,
  "epochs_run": 18
}