{
  "mae": 8.64825439453125,
  "mse": 113.22547912597656,
  "r2": 0.19153493642807007
}