{
  "mae": 169.76409912109375,
  "mse": 54055.5625,
  "r2": 0.5382880568504333
}