{
  "mae": 165.57481384277344,
  "mse": 53684.12109375,
  "r2": 0.5414606928825378,
  "train_time_sec": 54.43158411979675,
  "infer_time_sec": 0.8556792736053467,
  "param_count": 139523,
  "epochs_run": 18
}