{
  "val_loss": 4634.6162109375,
  "val_mae": 46.96492385864258,
  "mae": 46.96489715576172,
  "mse": 4634.60693359375,
  "r2": 0.25357162952423096,
  "train_time_sec": 2129.381479740143,
  "infer_time_sec": 77.63347434997559,
  "param_count": 44289,
  "best_epoch": 3,
  "epochs_run": 6,
  "early_stopped": true,
  "early_stopping": {
    "monitor": "val_loss",
    "mode": "min",
    "min_delta": 0.001,
    "patience": 3
  }
}