{
  "val_loss": 0.4612780511379242,
  "val_accuracy": 0.8166874051094055,
  "accuracy": 0.816687433250267,
  "f1_score": 0.765333176629035,
  "train_time_sec": 1655.1534588336945,
  "infer_time_sec": 45.24859046936035,
  "param_count": 200898,
  "best_epoch": 7,
  "epochs_run": 10,
  "early_stopped": true,
  "early_stopping": {
    "monitor": "val_loss",
    "mode": "min",
    "min_delta": 0.001,
    "patience": 3
  }
}