{
  "val_loss": 4415.48388671875,
  "val_mae": 45.96721267700195,
  "mae": 45.967220306396484,
  "mse": 4415.49609375,
  "r2": 0.2615134119987488,
  "train_time_sec": 4307.281249284744,
  "infer_time_sec": 84.42711472511292,
  "param_count": 44289,
  "best_epoch": 9,
  "epochs_run": 12,
  "early_stopped": true,
  "early_stopping": {
    "monitor": "val_loss",
    "mode": "min",
    "min_delta": 0.001,
    "patience": 3
  }
}