{
  "val_loss": 0.46182164549827576,
  "val_accuracy": 0.8157554864883423,
  "accuracy": 0.8157555154093283,
  "f1_score": 0.773476271513916,
  "train_time_sec": 1765.75825715065,
  "infer_time_sec": 44.849241495132446,
  "param_count": 200898,
  "best_epoch": 8,
  "epochs_run": 11,
  "early_stopped": true,
  "early_stopping": {
    "monitor": "val_loss",
    "mode": "min",
    "min_delta": 0.001,
    "patience": 3
  }
}