{
  "val_loss": 0.46776244044303894,
  "val_accuracy": 0.8147409558296204,
  "accuracy": 0.8147409826728488,
  "f1_score": 0.7662386001941864,
  "train_time_sec": 1195.6152062416077,
  "infer_time_sec": 21.264357805252075,
  "param_count": 160098,
  "best_epoch": 9,
  "epochs_run": 12,
  "early_stopped": true,
  "early_stopping": {
    "monitor": "val_loss",
    "mode": "min",
    "min_delta": 0.001,
    "patience": 3
  }
}