{
  "accuracy": 0.6404503353561163,
  "train_time_sec": 1645.014271736145,
  "infer_time_sec": 13.025469541549683,
  "param_count": 143093,
  "epochs_run": 16
}