{
  "accuracy": 0.3482409434069659,
  "train_time_sec": 3237.8993566036224,
  "infer_time_sec": 48.352083683013916,
  "param_count": 161468,
  "epochs_run": 8
}