{
  "mae": 8.536991119384766,
  "mse": 110.36209106445312,
  "r2": 0.17746776342391968
}