{
  "mae": 8.559835433959961,
  "mse": 110.83696746826172,
  "r2": 0.17392849922180176,
  "train_time_sec": 40.96176600456238,
  "infer_time_sec": 0.8179035186767578,
  "param_count": 139523,
  "epochs_run": 12
}