{
  "val_loss": 1.3413835763931274,
  "val_accuracy": 0.6038141250610352,
  "accuracy": 0.6038141028686539,
  "f1_score": 0.5944390507487397,
  "train_time_sec": 7177.600628852844,
  "infer_time_sec": 75.87207746505737,
  "param_count": 124621,
  "best_epoch": 19,
  "epochs_run": 22,
  "early_stopped": true,
  "early_stopping": {
    "monitor": "val_loss",
    "mode": "min",
    "min_delta": 0.001,
    "patience": 3
  }
}