{
  "mae": 7.794703006744385,
  "mse": 110.34078979492188,
  "r2": 0.21093934774398804
}