{
  "mae": 7.790374755859375,
  "mse": 110.2810287475586,
  "r2": 0.2113667130470276,
  "train_time_sec": 1466.5549190044403,
  "infer_time_sec": 12.100975275039673,
  "param_count": 143093,
  "epochs_run": 14
}