{
  "mae": 49.37870788574219,
  "mse": 4992.62744140625,
  "r2": 0.19988757371902466
}