{
  "mae": 51.345359802246094,
  "mse": 4908.7353515625,
  "r2": 0.21333205699920654,
  "train_time_sec": 7601.050879716873,
  "infer_time_sec": 47.704070806503296,
  "param_count": 161468,
  "epochs_run": 19
}