{
  "val_loss": 55914.17578125,
  "val_mae": 169.7748565673828,
  "mae": 169.77488708496094,
  "mse": 55914.16015625,
  "r2": 0.5296286344528198,
  "train_time_sec": 13.443627834320068,
  "infer_time_sec": 0.7414278984069824,
  "param_count": 36333,
  "best_epoch": 3,
  "epochs_run": 6,
  "early_stopped": true,
  "early_stopping": {
    "monitor": "val_loss",
    "mode": "min",
    "min_delta": 0.001,
    "patience": 3
  }
}