{
  "val_loss": 60738.8515625,
  "val_mae": 184.28079223632812,
  "mae": 184.28076171875,
  "mse": 60738.84765625,
  "r2": 0.48904144763946533,
  "train_time_sec": 3.382384777069092,
  "infer_time_sec": 0.4316420555114746,
  "param_count": 36333,
  "best_epoch": 2,
  "epochs_run": 2,
  "early_stopped": false,
  "early_stopping": {
    "monitor": "val_loss",
    "mode": "min",
    "min_delta": 0.001,
    "patience": 3
  }
}