{
  "val_loss": 0.4652186334133148,
  "val_accuracy": 0.8542157411575317,
  "accuracy": 0.8542157324540745,
  "f1_score": 0.8189463560586864,
  "train_time_sec": 90.19545364379883,
  "infer_time_sec": 3.0589001178741455,
  "param_count": 202632,
  "best_epoch": 13,
  "epochs_run": 16,
  "early_stopped": true,
  "early_stopping": {
    "monitor": "val_loss",
    "mode": "min",
    "min_delta": 0.001,
    "patience": 3
  }
}