{
  "mae": 8.27337646484375,
  "mse": 102.50206756591797,
  "r2": 0.21555179357528687
}