{
  "mae": 8.373481750488281,
  "mse": 109.75727081298828,
  "r2": 0.16002774238586426,
  "train_time_sec": 41.429224491119385,
  "infer_time_sec": 0.9192459583282471,
  "param_count": 139523,
  "epochs_run": 13
}