{
  "mae": 49.33293151855469,
  "mse": 94566.2890625,
  "r2": 0.44379955530166626
}