{
  "mae": 52.289546966552734,
  "mse": 100891.046875,
  "r2": 0.4065999388694763,
  "train_time_sec": 49.164897203445435,
  "infer_time_sec": 1.2632417678833008,
  "param_count": 142253,
  "epochs_run": 7
}