{
  "mae": 8.02324390411377,
  "mse": 123.67969512939453,
  "r2": 0.1879885196685791,
  "train_time_sec": 1618.7192113399506,
  "infer_time_sec": 13.108452796936035,
  "param_count": 143093,
  "epochs_run": 15
}