{
  "mae": 8.008596420288086,
  "mse": 123.94898986816406,
  "r2": 0.1862204670906067
}