{
  "mae": 167.15968322753906,
  "mse": 55828.19921875,
  "r2": 0.5427526235580444
}