{
  "mae": 161.55690002441406,
  "mse": 54111.671875,
  "r2": 0.5568113327026367,
  "train_time_sec": 51.57507348060608,
  "infer_time_sec": 0.9128000736236572,
  "param_count": 139523,
  "epochs_run": 16
}