{
  "val_loss": 77339.1796875,
  "val_mae": 37.049560546875,
  "mae": 37.049560546875,
  "mse": 77339.1796875,
  "r2": 0.288360059261322,
  "train_time_sec": 22.421113967895508,
  "infer_time_sec": 1.6130564212799072,
  "param_count": 37701,
  "best_epoch": 1,
  "epochs_run": 4,
  "early_stopped": true,
  "early_stopping": {
    "monitor": "val_loss",
    "mode": "min",
    "min_delta": 0.001,
    "patience": 3
  }
}