{
  "val_loss": 60160.03515625,
  "val_mae": 181.08216857910156,
  "mae": 181.0821533203125,
  "mse": 60160.04296875,
  "r2": 0.5042688846588135,
  "train_time_sec": 11.565190315246582,
  "infer_time_sec": 0.7514383792877197,
  "param_count": 36333,
  "best_epoch": 2,
  "epochs_run": 5,
  "early_stopped": true,
  "early_stopping": {
    "monitor": "val_loss",
    "mode": "min",
    "min_delta": 0.001,
    "patience": 3
  }
}