{
  "val_loss": 60447.80859375,
  "val_mae": 181.4743194580078,
  "mae": 181.47430419921875,
  "mse": 60447.80859375,
  "r2": 0.5018976330757141,
  "train_time_sec": 4.086411952972412,
  "infer_time_sec": 0.45814085006713867,
  "param_count": 36333,
  "best_epoch": 2,
  "epochs_run": 2,
  "early_stopped": false,
  "early_stopping": {
    "monitor": "val_loss",
    "mode": "min",
    "min_delta": 0.001,
    "patience": 3
  }
}