{
  "mae": 8.298727035522461,
  "mse": 127.21128845214844,
  "r2": 0.18320101499557495
}