{
  "mae": 8.177772521972656,
  "mse": 126.74140930175781,
  "r2": 0.1862180233001709,
  "train_time_sec": 1254.0497512817383,
  "infer_time_sec": 12.12448787689209,
  "param_count": 143093,
  "epochs_run": 12
}