{
  "val_loss": 0.45305803418159485,
  "val_accuracy": 0.8343672156333923,
  "accuracy": 0.8343672338891734,
  "f1_score": 0.8248569539194379,
  "train_time_sec": 1812.846103668213,
  "infer_time_sec": 20.22408938407898,
  "param_count": 166780,
  "best_epoch": 17,
  "epochs_run": 17,
  "early_stopped": true,
  "early_stopping": {
    "monitor": "val_loss",
    "mode": "min",
    "min_delta": 0.001,
    "patience": 3
  }
}