{
  "val_loss": 0.473958283662796,
  "val_accuracy": 0.8266218304634094,
  "accuracy": 0.8266218579879331,
  "f1_score": 0.7940145226617502,
  "train_time_sec": 1716.431898355484,
  "infer_time_sec": 19.23200798034668,
  "param_count": 102046,
  "best_epoch": 14,
  "epochs_run": 17,
  "early_stopped": true,
  "early_stopping": {
    "monitor": "val_loss",
    "mode": "min",
    "min_delta": 0.001,
    "patience": 3
  }
}