{
  "mae": 235.26197814941406,
  "mse": 93158.578125,
  "r2": 0.07167279720306396
}