{
  "mae": 234.30032348632812,
  "mse": 92873.03125,
  "r2": 0.07451826333999634,
  "train_time_sec": 355.03652834892273,
  "infer_time_sec": 10.406866073608398,
  "param_count": 139568,
  "epochs_run": 5
}