{
  "accuracy": 0.6168168168168168,
  "train_time_sec": 51.57507348060608,
  "infer_time_sec": 0.9128000736236572,
  "param_count": 139523,
  "epochs_run": 16
}