{
  "val_loss": 91.7786636352539,
  "val_mae": 6.961728096008301,
  "mae": 6.961726665496826,
  "mse": 91.77865600585938,
  "r2": 0.7135338187217712,
  "train_time_sec": 19.84001064300537,
  "infer_time_sec": 0.8665084838867188,
  "param_count": 36369,
  "best_epoch": 4,
  "epochs_run": 7,
  "early_stopped": true,
  "early_stopping": {
    "monitor": "val_loss",
    "mode": "min",
    "min_delta": 0.001,
    "patience": 3
  }
}