{
  "mae": 48.89470291137695,
  "mse": 4824.119140625,
  "r2": 0.2077309489250183
}