{
  "mae": 49.161033630371094,
  "mse": 4829.37890625,
  "r2": 0.20686715841293335,
  "train_time_sec": 6518.477473020554,
  "infer_time_sec": 47.41847634315491,
  "param_count": 161468,
  "epochs_run": 16
}