{
  "val_loss": 1.2801690101623535,
  "val_accuracy": 0.619625449180603,
  "accuracy": 0.6196254311532577,
  "f1_score": 0.6087766730704657,
  "train_time_sec": 17566.87756228447,
  "infer_time_sec": 180.5655665397644,
  "param_count": 245818,
  "best_epoch": 22,
  "epochs_run": 25,
  "early_stopped": true,
  "early_stopping": {
    "monitor": "val_loss",
    "mode": "min",
    "min_delta": 0.001,
    "patience": 3
  }
}