{
  "mae": 44.92256164550781,
  "mse": 5205.49462890625,
  "r2": 0.011673271656036377,
  "train_time_sec": 50.731648445129395,
  "infer_time_sec": 1.1839287281036377,
  "param_count": 142253,
  "epochs_run": 7
}