{
  "mae": 44.12725067138672,
  "mse": 5203.22412109375,
  "r2": 0.012104392051696777
}