{
  "val_loss": 0.49351686239242554,
  "val_accuracy": 0.8433734774589539,
  "accuracy": 0.8433734939759037,
  "f1_score": 0.8073453871743212,
  "train_time_sec": 43.51607084274292,
  "infer_time_sec": 1.4551684856414795,
  "param_count": 100756,
  "best_epoch": 13,
  "epochs_run": 16,
  "early_stopped": true,
  "early_stopping": {
    "monitor": "val_loss",
    "mode": "min",
    "min_delta": 0.001,
    "patience": 3
  }
}