{
  "val_loss": 0.9757436513900757,
  "val_accuracy": 0.644279420375824,
  "accuracy": 0.6442794465069187,
  "f1_score": 0.6292476735770304,
  "train_time_sec": 197.48412561416626,
  "infer_time_sec": 3.9975030422210693,
  "param_count": 162476,
  "best_epoch": 28,
  "epochs_run": 30,
  "early_stopped": false,
  "early_stopping": {
    "monitor": "val_loss",
    "mode": "min",
    "min_delta": 0.001,
    "patience": 3
  }
}