{
  "mae": 12.0833740234375,
  "mse": 1197.5318603515625,
  "r2": 0.2699089050292969,
  "train_time_sec": 1618.7192113399506,
  "infer_time_sec": 13.108452796936035,
  "param_count": 143093,
  "epochs_run": 15
}