{
  "mae": 12.001127243041992,
  "mse": 1174.6136474609375,
  "r2": 0.28388136625289917
}