{
  "val_loss": 0.4800262153148651,
  "val_accuracy": 0.8121805787086487,
  "accuracy": 0.8121805678199674,
  "f1_score": 0.7588275699726703,
  "train_time_sec": 295.8070170879364,
  "infer_time_sec": 18.516847848892212,
  "param_count": 30500,
  "best_epoch": 1,
  "epochs_run": 4,
  "early_stopped": true,
  "early_stopping": {
    "monitor": "val_loss",
    "mode": "min",
    "min_delta": 0.001,
    "patience": 3
  }
}