{
  "mae": 8.790562629699707,
  "mse": 119.04790496826172,
  "r2": 0.13934963941574097
}