{
  "mae": 8.918344497680664,
  "mse": 119.46113586425781,
  "r2": 0.1363621950149536,
  "train_time_sec": 51.57507348060608,
  "infer_time_sec": 0.9128000736236572,
  "param_count": 139523,
  "epochs_run": 16
}