{
  "accuracy": 0.6453867108847566,
  "train_time_sec": 1618.7192113399506,
  "infer_time_sec": 13.108452796936035,
  "param_count": 143093,
  "epochs_run": 15
}