{
  "val_loss": 0.4623979330062866,
  "val_accuracy": 0.8156413435935974,
  "accuracy": 0.8156413618402861,
  "f1_score": 0.7642250717860185,
  "train_time_sec": 1671.615592956543,
  "infer_time_sec": 21.195141077041626,
  "param_count": 160098,
  "best_epoch": 14,
  "epochs_run": 17,
  "early_stopped": true,
  "early_stopping": {
    "monitor": "val_loss",
    "mode": "min",
    "min_delta": 0.001,
    "patience": 3
  }
}