{
  "val_loss": 0.47923731803894043,
  "val_accuracy": 0.8262091279029846,
  "accuracy": 0.8262091464732818,
  "f1_score": 0.7987938482976665,
  "train_time_sec": 1533.186090707779,
  "infer_time_sec": 19.878109455108643,
  "param_count": 166780,
  "best_epoch": 13,
  "epochs_run": 14,
  "early_stopped": true,
  "early_stopping": {
    "monitor": "val_loss",
    "mode": "min",
    "min_delta": 0.001,
    "patience": 3
  }
}