{
  "mae": 237.87989807128906,
  "mse": 353495.5,
  "r2": 0.2784021496772766,
  "train_time_sec": 3237.8993566036224,
  "infer_time_sec": 48.352083683013916,
  "param_count": 161468,
  "epochs_run": 8
}