{
  "mae": 229.79306030273438,
  "mse": 355042.0625,
  "r2": 0.27524513006210327
}