{
  "val_loss": 1.2401435375213623,
  "val_accuracy": 0.5026814341545105,
  "accuracy": 0.5026814444047193,
  "f1_score": 0.4397800714002716,
  "train_time_sec": 54.50570845603943,
  "infer_time_sec": 2.1125805377960205,
  "param_count": 32085,
  "best_epoch": 7,
  "epochs_run": 10,
  "early_stopped": true,
  "early_stopping": {
    "monitor": "val_loss",
    "mode": "min",
    "min_delta": 0.001,
    "patience": 3
  }
}