{
  "val_loss": 0.6444447040557861,
  "val_accuracy": 0.7726743817329407,
  "accuracy": 0.7726743749530746,
  "f1_score": 0.7344911622453298,
  "train_time_sec": 973.9088988304138,
  "infer_time_sec": 21.338120937347412,
  "param_count": 32893,
  "best_epoch": 7,
  "epochs_run": 10,
  "early_stopped": true,
  "early_stopping": {
    "monitor": "val_loss",
    "mode": "min",
    "min_delta": 0.001,
    "patience": 3
  }
}