{
  "mae": 209.98031616210938,
  "mse": 341521.21875,
  "r2": 0.29682499170303345
}