{
  "mae": 212.85565185546875,
  "mse": 345777.46875,
  "r2": 0.28806161880493164,
  "train_time_sec": 4491.007354736328,
  "infer_time_sec": 47.10941767692566,
  "param_count": 161468,
  "epochs_run": 11
}