{
  "val_loss": 0.4370502829551697,
  "val_accuracy": 0.8381778001785278,
  "accuracy": 0.8381777803981684,
  "f1_score": 0.815697956728713,
  "train_time_sec": 2863.4931054115295,
  "infer_time_sec": 45.26209783554077,
  "param_count": 207580,
  "best_epoch": 16,
  "epochs_run": 16,
  "early_stopped": true,
  "early_stopping": {
    "monitor": "val_loss",
    "mode": "min",
    "min_delta": 0.001,
    "patience": 3
  }
}