{
  "mae": 53.776973724365234,
  "mse": 133444.96875,
  "r2": 0.4036513566970825
}