{
  "mae": 57.50637435913086,
  "mse": 133628.171875,
  "r2": 0.40283268690109253,
  "train_time_sec": 50.731648445129395,
  "infer_time_sec": 1.1839287281036377,
  "param_count": 142253,
  "epochs_run": 7
}