{
  "val_loss": 0.9699051380157471,
  "val_accuracy": 0.6281341314315796,
  "accuracy": 0.6281341582546401,
  "f1_score": 0.6078861517477687,
  "train_time_sec": 153.16317439079285,
  "infer_time_sec": 2.5712461471557617,
  "param_count": 101014,
  "best_epoch": 28,
  "epochs_run": 30,
  "early_stopped": false,
  "early_stopping": {
    "monitor": "val_loss",
    "mode": "min",
    "min_delta": 0.001,
    "patience": 3
  }
}