{
  "val_loss": 87.36621856689453,
  "val_mae": 6.7622904777526855,
  "mae": 6.762290954589844,
  "mse": 87.3662338256836,
  "r2": 0.7211129665374756,
  "train_time_sec": 17.20012402534485,
  "infer_time_sec": 0.8775138854980469,
  "param_count": 36369,
  "best_epoch": 3,
  "epochs_run": 6,
  "early_stopped": true,
  "early_stopping": {
    "monitor": "val_loss",
    "mode": "min",
    "min_delta": 0.001,
    "patience": 3
  }
}