{
  "accuracy": 0.8003998098465364,
  "train_time_sec": 633.7905366420746,
  "infer_time_sec": 9.40928053855896,
  "param_count": 139568,
  "epochs_run": 9
}