{
  "val_loss": 0.4652478098869324,
  "val_accuracy": 0.816431999206543,
  "accuracy": 0.8164319958728775,
  "f1_score": 0.7656561792539678,
  "train_time_sec": 502.1570796966553,
  "infer_time_sec": 19.880285501480103,
  "param_count": 100369,
  "best_epoch": 6,
  "epochs_run": 6,
  "early_stopped": true,
  "early_stopping": {
    "monitor": "val_loss",
    "mode": "min",
    "min_delta": 0.001,
    "patience": 3
  }
}