{
  "mae": 169.15797424316406,
  "mse": 56705.953125,
  "r2": 0.532731294631958
}