{
  "mae": 171.01661682128906,
  "mse": 57561.8515625,
  "r2": 0.5256785154342651,
  "train_time_sec": 40.96176600456238,
  "infer_time_sec": 0.8179035186767578,
  "param_count": 139523,
  "epochs_run": 12
}