{
  "val_loss": 385277.1875,
  "val_mae": 225.7619171142578,
  "mae": 225.76170349121094,
  "mse": 385276.53125,
  "r2": 0.21038103103637695,
  "train_time_sec": 1649.6296033859253,
  "infer_time_sec": 77.5708315372467,
  "param_count": 44289,
  "best_epoch": 2,
  "epochs_run": 5,
  "early_stopped": true,
  "early_stopping": {
    "monitor": "val_loss",
    "mode": "min",
    "min_delta": 0.001,
    "patience": 3
  }
}