{
  "val_loss": 0.4864777624607086,
  "val_accuracy": 0.847876787185669,
  "accuracy": 0.8478768082127858,
  "f1_score": 0.8104833393324702,
  "train_time_sec": 86.97598242759705,
  "infer_time_sec": 1.5115432739257812,
  "param_count": 161832,
  "best_epoch": 26,
  "epochs_run": 26,
  "early_stopped": true,
  "early_stopping": {
    "monitor": "val_loss",
    "mode": "min",
    "min_delta": 0.001,
    "patience": 3
  }
}