{
  "accuracy": 0.8045122824912267,
  "train_time_sec": 574.8488111495972,
  "infer_time_sec": 9.229903936386108,
  "param_count": 139568,
  "epochs_run": 8
}