{
  "val_loss": 74614.5703125,
  "val_mae": 190.5409698486328,
  "mae": 190.54095458984375,
  "mse": 74614.671875,
  "r2": 0.30405259132385254,
  "train_time_sec": 261.08278942108154,
  "infer_time_sec": 16.034870386123657,
  "param_count": 36441,
  "best_epoch": 1,
  "epochs_run": 4,
  "early_stopped": true,
  "early_stopping": {
    "monitor": "val_loss",
    "mode": "min",
    "min_delta": 0.001,
    "patience": 3
  }
}