{
  "val_loss": 1.0346277952194214,
  "val_accuracy": 0.6144691705703735,
  "accuracy": 0.6144691512683996,
  "f1_score": 0.5992461444793988,
  "train_time_sec": 153.64780831336975,
  "infer_time_sec": 2.6380434036254883,
  "param_count": 101014,
  "best_epoch": 29,
  "epochs_run": 30,
  "early_stopped": false,
  "early_stopping": {
    "monitor": "val_loss",
    "mode": "min",
    "min_delta": 0.001,
    "patience": 3
  }
}