{
  "val_loss": 0.46717941761016846,
  "val_accuracy": 0.8544767498970032,
  "accuracy": 0.8544767304512166,
  "f1_score": 0.8187356449609504,
  "train_time_sec": 104.01217865943909,
  "infer_time_sec": 3.0565669536590576,
  "param_count": 202632,
  "best_epoch": 16,
  "epochs_run": 19,
  "early_stopped": true,
  "early_stopping": {
    "monitor": "val_loss",
    "mode": "min",
    "min_delta": 0.001,
    "patience": 3
  }
}