{
  "val_loss": 4391.18115234375,
  "val_mae": 46.143333435058594,
  "mae": 46.14332580566406,
  "mse": 4391.1796875,
  "r2": 0.2606589198112488,
  "train_time_sec": 1804.727306842804,
  "infer_time_sec": 80.88918685913086,
  "param_count": 44289,
  "best_epoch": 2,
  "epochs_run": 5,
  "early_stopped": true,
  "early_stopping": {
    "monitor": "val_loss",
    "mode": "min",
    "min_delta": 0.001,
    "patience": 3
  }
}