{
  "mae": 239.1848907470703,
  "mse": 92347.3515625,
  "r2": 0.05317246913909912,
  "train_time_sec": 435.8177192211151,
  "infer_time_sec": 8.950806856155396,
  "param_count": 139568,
  "epochs_run": 6
}