{
  "mae": 235.43357849121094,
  "mse": 90897.6484375,
  "r2": 0.06803613901138306
}