{
  "accuracy": 0.2422811478387214,
  "train_time_sec": 88.60201025009155,
  "infer_time_sec": 1.206270694732666,
  "param_count": 142253,
  "epochs_run": 13
}