{
  "val_loss": 0.545076847076416,
  "val_accuracy": 0.826178252696991,
  "accuracy": 0.8261782547830144,
  "f1_score": 0.792041372247241,
  "train_time_sec": 3.542802095413208,
  "infer_time_sec": 0.4626960754394531,
  "param_count": 30623,
  "best_epoch": 2,
  "epochs_run": 2,
  "early_stopped": false,
  "early_stopping": {
    "monitor": "val_loss",
    "mode": "min",
    "min_delta": 0.001,
    "patience": 3
  }
}