{
  "mae": 54.291893005371094,
  "mse": 88779.453125,
  "r2": 0.46341437101364136,
  "train_time_sec": 65.62656617164612,
  "infer_time_sec": 1.2222316265106201,
  "param_count": 142253,
  "epochs_run": 10
}