{
  "mae": 49.8309440612793,
  "mse": 84969.2265625,
  "r2": 0.48644351959228516
}