{
  "val_loss": 0.6649386882781982,
  "val_accuracy": 0.7551396489143372,
  "accuracy": 0.755139619203098,
  "f1_score": 0.7288687427944455,
  "train_time_sec": 941.6794853210449,
  "infer_time_sec": 21.60154366493225,
  "param_count": 32893,
  "best_epoch": 7,
  "epochs_run": 10,
  "early_stopped": true,
  "early_stopping": {
    "monitor": "val_loss",
    "mode": "min",
    "min_delta": 0.001,
    "patience": 3
  }
}