{
  "mae": 159.12069702148438,
  "mse": 51409.390625,
  "r2": 0.5675243735313416
}