{
  "mae": 158.29367065429688,
  "mse": 50135.609375,
  "r2": 0.578239917755127,
  "train_time_sec": 41.429224491119385,
  "infer_time_sec": 0.9192459583282471,
  "param_count": 139523,
  "epochs_run": 13
}