{
  "mae": 214.7147216796875,
  "mse": 344102.875,
  "r2": 0.28863441944122314,
  "train_time_sec": 6518.477473020554,
  "infer_time_sec": 47.41847634315491,
  "param_count": 161468,
  "epochs_run": 16
}