{
  "mae": 212.52120971679688,
  "mse": 343530.3125,
  "r2": 0.28981804847717285
}