{
  "mae": 34.187103271484375,
  "mse": 2594.621826171875,
  "r2": 0.003853023052215576,
  "train_time_sec": 43.044442653656006,
  "infer_time_sec": 1.3556466102600098,
  "param_count": 142253,
  "epochs_run": 6
}