{
  "mae": 35.99325942993164,
  "mse": 2637.793701171875,
  "r2": -0.012721776962280273
}