{
  "val_loss": 0.48018473386764526,
  "val_accuracy": 0.8313938975334167,
  "accuracy": 0.8313939140834109,
  "f1_score": 0.8096586352173647,
  "train_time_sec": 1718.593947649002,
  "infer_time_sec": 20.52852964401245,
  "param_count": 166780,
  "best_epoch": 15,
  "epochs_run": 16,
  "early_stopped": true,
  "early_stopping": {
    "monitor": "val_loss",
    "mode": "min",
    "min_delta": 0.001,
    "patience": 3
  }
}