{
  "mae": 235.1312713623047,
  "mse": 92520.9609375,
  "r2": 0.07352620363235474
}