{
  "mae": 238.3643341064453,
  "mse": 92873.5703125,
  "r2": 0.06999528408050537,
  "train_time_sec": 392.9230086803436,
  "infer_time_sec": 8.946013927459717,
  "param_count": 139352,
  "epochs_run": 6
}