{
  "val_loss": 105.48677062988281,
  "val_mae": 7.304811477661133,
  "mae": 7.304810523986816,
  "mse": 105.48686218261719,
  "r2": 0.24884003400802612,
  "train_time_sec": 488.44001507759094,
  "infer_time_sec": 21.28069758415222,
  "param_count": 37989,
  "best_epoch": 2,
  "epochs_run": 5,
  "early_stopped": true,
  "early_stopping": {
    "monitor": "val_loss",
    "mode": "min",
    "min_delta": 0.001,
    "patience": 3
  }
}