{
  "val_loss": 75877.5,
  "val_mae": 190.12156677246094,
  "mae": 190.12164306640625,
  "mse": 75877.515625,
  "r2": 0.2979893088340759,
  "train_time_sec": 353.30720114707947,
  "infer_time_sec": 14.27212405204773,
  "param_count": 36441,
  "best_epoch": 2,
  "epochs_run": 5,
  "early_stopped": true,
  "early_stopping": {
    "monitor": "val_loss",
    "mode": "min",
    "min_delta": 0.001,
    "patience": 3
  }
}