{
  "val_loss": 0.9353553652763367,
  "val_accuracy": 0.6596353054046631,
  "accuracy": 0.6596353235609582,
  "f1_score": 0.6371340541180788,
  "train_time_sec": 135.3797950744629,
  "infer_time_sec": 2.488337516784668,
  "param_count": 162476,
  "best_epoch": 17,
  "epochs_run": 20,
  "early_stopped": true,
  "early_stopping": {
    "monitor": "val_loss",
    "mode": "min",
    "min_delta": 0.001,
    "patience": 3
  }
}