{
  "val_loss": 0.4287533462047577,
  "val_accuracy": 0.844714343547821,
  "accuracy": 0.8447143178917336,
  "f1_score": 0.8270071102457652,
  "train_time_sec": 1581.998949766159,
  "infer_time_sec": 46.970489740371704,
  "param_count": 207580,
  "best_epoch": 6,
  "epochs_run": 9,
  "early_stopped": true,
  "early_stopping": {
    "monitor": "val_loss",
    "mode": "min",
    "min_delta": 0.001,
    "patience": 3
  }
}