{
  "val_loss": 0.4604705572128296,
  "val_accuracy": 0.8276130557060242,
  "accuracy": 0.8276130600771144,
  "f1_score": 0.7942462078142478,
  "train_time_sec": 1337.0005254745483,
  "infer_time_sec": 19.801843643188477,
  "param_count": 102046,
  "best_epoch": 12,
  "epochs_run": 15,
  "early_stopped": true,
  "early_stopping": {
    "monitor": "val_loss",
    "mode": "min",
    "min_delta": 0.001,
    "patience": 3
  }
}