{
  "mae": 59.78169250488281,
  "mse": 129420.7265625,
  "r2": 0.3643888831138611
}