{
  "mae": 54.176944732666016,
  "mse": 122206.4296875,
  "r2": 0.3998197913169861,
  "train_time_sec": 88.60201025009155,
  "infer_time_sec": 1.206270694732666,
  "param_count": 142253,
  "epochs_run": 13
}