{
  "val_loss": 86.81568145751953,
  "val_mae": 6.847847938537598,
  "mae": 6.847850322723389,
  "mse": 86.81570434570312,
  "r2": 0.7223906517028809,
  "train_time_sec": 13.932762384414673,
  "infer_time_sec": 0.889394998550415,
  "param_count": 36333,
  "best_epoch": 2,
  "epochs_run": 5,
  "early_stopped": true,
  "early_stopping": {
    "monitor": "val_loss",
    "mode": "min",
    "min_delta": 0.001,
    "patience": 3
  }
}