{
  "val_loss": 88.80367279052734,
  "val_mae": 6.981671333312988,
  "mae": 6.981671333312988,
  "mse": 88.80366516113281,
  "r2": 0.716033935546875,
  "train_time_sec": 3.713597059249878,
  "infer_time_sec": 0.43695902824401855,
  "param_count": 36333,
  "best_epoch": 2,
  "epochs_run": 2,
  "early_stopped": false,
  "early_stopping": {
    "monitor": "val_loss",
    "mode": "min",
    "min_delta": 0.001,
    "patience": 3
  }
}