{
  "val_loss": 1441.6475830078125,
  "val_mae": 15.184657096862793,
  "mae": 15.184667587280273,
  "mse": 1441.6473388671875,
  "r2": 0.12108075618743896,
  "train_time_sec": 925.7684404850006,
  "infer_time_sec": 20.147977352142334,
  "param_count": 37989,
  "best_epoch": 7,
  "epochs_run": 10,
  "early_stopped": true,
  "early_stopping": {
    "monitor": "val_loss",
    "mode": "min",
    "min_delta": 0.001,
    "patience": 3
  }
}