{
  "val_loss": 0.5117799043655396,
  "val_accuracy": 0.8398400545120239,
  "accuracy": 0.8398400752587017,
  "f1_score": 0.8028119876259772,
  "train_time_sec": 3.4738237857818604,
  "infer_time_sec": 0.41318511962890625,
  "param_count": 30587,
  "best_epoch": 2,
  "epochs_run": 2,
  "early_stopped": false,
  "early_stopping": {
    "monitor": "val_loss",
    "mode": "min",
    "min_delta": 0.001,
    "patience": 3
  }
}