{
  "mae": 209.28895568847656,
  "mse": 348422.75,
  "r2": 0.2874782085418701
}