{
  "mae": 8.633177757263184,
  "mse": 109.5504150390625,
  "r2": 0.19746410846710205
}