{
  "mae": 8.616840362548828,
  "mse": 109.56192779541016,
  "r2": 0.19737976789474487,
  "train_time_sec": 30.52432131767273,
  "infer_time_sec": 0.8639509677886963,
  "param_count": 139451,
  "epochs_run": 9
}