{
  "val_loss": 0.5699378252029419,
  "val_accuracy": 0.8254827857017517,
  "accuracy": 0.8254828073480923,
  "f1_score": 0.784220499068332,
  "train_time_sec": 4.676548004150391,
  "infer_time_sec": 0.5054879188537598,
  "param_count": 30623,
  "best_epoch": 1,
  "epochs_run": 2,
  "early_stopped": false,
  "early_stopping": {
    "monitor": "val_loss",
    "mode": "min",
    "min_delta": 0.001,
    "patience": 3
  }
}