{
  "val_loss": 0.5288006067276001,
  "val_accuracy": 0.8311352133750916,
  "accuracy": 0.8311351860574658,
  "f1_score": 0.7895970061843025,
  "train_time_sec": 21.969674348831177,
  "infer_time_sec": 0.8592164516448975,
  "param_count": 30623,
  "best_epoch": 5,
  "epochs_run": 8,
  "early_stopped": true,
  "early_stopping": {
    "monitor": "val_loss",
    "mode": "min",
    "min_delta": 0.001,
    "patience": 3
  }
}