{
  "val_loss": 0.4632737338542938,
  "val_accuracy": 0.8169188499450684,
  "accuracy": 0.8169188323246707,
  "f1_score": 0.7659616984561985,
  "train_time_sec": 499.71300625801086,
  "infer_time_sec": 19.318196535110474,
  "param_count": 100369,
  "best_epoch": 6,
  "epochs_run": 6,
  "early_stopped": true,
  "early_stopping": {
    "monitor": "val_loss",
    "mode": "min",
    "min_delta": 0.001,
    "patience": 3
  }
}