{
  "val_loss": 0.46970275044441223,
  "val_accuracy": 0.8141624927520752,
  "accuracy": 0.8141625210248561,
  "f1_score": 0.7609058526191244,
  "train_time_sec": 513.3158195018768,
  "infer_time_sec": 16.63531517982483,
  "param_count": 30500,
  "best_epoch": 4,
  "epochs_run": 7,
  "early_stopped": true,
  "early_stopping": {
    "monitor": "val_loss",
    "mode": "min",
    "min_delta": 0.001,
    "patience": 3
  }
}