{
  "val_loss": 1.3617335557937622,
  "val_accuracy": 0.5953189134597778,
  "accuracy": 0.5953189320201593,
  "f1_score": 0.5810313280343953,
  "train_time_sec": 11626.039286613464,
  "infer_time_sec": 77.9199366569519,
  "param_count": 205018,
  "best_epoch": 24,
  "epochs_run": 27,
  "early_stopped": true,
  "early_stopping": {
    "monitor": "val_loss",
    "mode": "min",
    "min_delta": 0.001,
    "patience": 3
  }
}