{
  "val_loss": 0.9659714102745056,
  "val_accuracy": 0.6510546803474426,
  "accuracy": 0.6510547014658563,
  "f1_score": 0.6243569199863453,
  "train_time_sec": 121.29951357841492,
  "infer_time_sec": 2.57883358001709,
  "param_count": 101014,
  "best_epoch": 20,
  "epochs_run": 23,
  "early_stopped": true,
  "early_stopping": {
    "monitor": "val_loss",
    "mode": "min",
    "min_delta": 0.001,
    "patience": 3
  }
}