{
  "accuracy": 0.2500838082467315,
  "train_time_sec": 65.62656617164612,
  "infer_time_sec": 1.2222316265106201,
  "param_count": 142253,
  "epochs_run": 10
}