{
  "val_loss": 1.3678449392318726,
  "val_accuracy": 0.5936923027038574,
  "accuracy": 0.5936922878698945,
  "f1_score": 0.5811001933524047,
  "train_time_sec": 8295.25329208374,
  "infer_time_sec": 79.144118309021,
  "param_count": 205018,
  "best_epoch": 16,
  "epochs_run": 19,
  "early_stopped": true,
  "early_stopping": {
    "monitor": "val_loss",
    "mode": "min",
    "min_delta": 0.001,
    "patience": 3
  }
}