{
  "mae": 50.38995361328125,
  "mse": 5045.71826171875,
  "r2": 0.2072213888168335,
  "train_time_sec": 5300.953147411346,
  "infer_time_sec": 47.69444251060486,
  "param_count": 161468,
  "epochs_run": 13
}