{
  "mae": 50.37049865722656,
  "mse": 5047.34814453125,
  "r2": 0.20696532726287842
}