{
  "mae": 12.337258338928223,
  "mse": 1378.9736328125,
  "r2": 0.25116753578186035
}