{
  "mae": 11.512478828430176,
  "mse": 1348.7501220703125,
  "r2": 0.2675800323486328,
  "train_time_sec": 1645.014271736145,
  "infer_time_sec": 13.025469541549683,
  "param_count": 143093,
  "epochs_run": 16
}