{
  "val_loss": 359340.28125,
  "val_mae": 226.2989501953125,
  "mae": 226.2993927001953,
  "mse": 359340.1875,
  "r2": 0.25713419914245605,
  "train_time_sec": 2637.442509174347,
  "infer_time_sec": 76.1227617263794,
  "param_count": 44289,
  "best_epoch": 5,
  "epochs_run": 8,
  "early_stopped": true,
  "early_stopping": {
    "monitor": "val_loss",
    "mode": "min",
    "min_delta": 0.001,
    "patience": 3
  }
}