{
  "val_loss": 1.3400682210922241,
  "val_accuracy": 0.6053260564804077,
  "accuracy": 0.6053260514848444,
  "f1_score": 0.5938385795945894,
  "train_time_sec": 5249.511568546295,
  "infer_time_sec": 74.54196453094482,
  "param_count": 124621,
  "best_epoch": 13,
  "epochs_run": 16,
  "early_stopped": true,
  "early_stopping": {
    "monitor": "val_loss",
    "mode": "min",
    "min_delta": 0.001,
    "patience": 3
  }
}