{
  "val_loss": 61605.140625,
  "val_mae": 182.7178497314453,
  "mae": 182.71775817871094,
  "mse": 61605.125,
  "r2": 0.4738039970397949,
  "train_time_sec": 3.4891409873962402,
  "infer_time_sec": 0.3697090148925781,
  "param_count": 36333,
  "best_epoch": 2,
  "epochs_run": 2,
  "early_stopped": false,
  "early_stopping": {
    "monitor": "val_loss",
    "mode": "min",
    "min_delta": 0.001,
    "patience": 3
  }
}