{
  "val_loss": 58584.78515625,
  "val_mae": 171.6945343017578,
  "mae": 171.69454956054688,
  "mse": 58584.7890625,
  "r2": 0.4996020793914795,
  "train_time_sec": 26.883453369140625,
  "infer_time_sec": 0.7440140247344971,
  "param_count": 36333,
  "best_epoch": 10,
  "epochs_run": 13,
  "early_stopped": true,
  "early_stopping": {
    "monitor": "val_loss",
    "mode": "min",
    "min_delta": 0.001,
    "patience": 3
  }
}