{
  "val_loss": 3702.694580078125,
  "val_mae": 41.165897369384766,
  "mae": 41.165889739990234,
  "mse": 3702.69482421875,
  "r2": -0.0021039247512817383,
  "train_time_sec": 24.229251384735107,
  "infer_time_sec": 1.5457556247711182,
  "param_count": 37701,
  "best_epoch": 1,
  "epochs_run": 4,
  "early_stopped": true,
  "early_stopping": {
    "monitor": "val_loss",
    "mode": "min",
    "min_delta": 0.001,
    "patience": 3
  }
}