{
  "mae": 233.81640625,
  "mse": 92752.9765625,
  "r2": 0.0724678635597229
}