{
  "mae": 235.12020874023438,
  "mse": 92734.0390625,
  "r2": 0.07265728712081909,
  "train_time_sec": 574.8488111495972,
  "infer_time_sec": 9.229903936386108,
  "param_count": 139568,
  "epochs_run": 8
}