{
  "mae": 41.76927185058594,
  "mse": 3855.76123046875,
  "r2": 0.006230533123016357,
  "train_time_sec": 49.164897203445435,
  "infer_time_sec": 1.2632417678833008,
  "param_count": 142253,
  "epochs_run": 7
}