{
  "mae": 40.11240768432617,
  "mse": 3845.18115234375,
  "r2": 0.008957445621490479
}