{
  "val_loss": 0.4842284917831421,
  "val_accuracy": 0.8132743835449219,
  "accuracy": 0.8132743913828528,
  "f1_score": 0.7597211400803567,
  "train_time_sec": 438.857807636261,
  "infer_time_sec": 16.475751399993896,
  "param_count": 30500,
  "best_epoch": 3,
  "epochs_run": 6,
  "early_stopped": true,
  "early_stopping": {
    "monitor": "val_loss",
    "mode": "min",
    "min_delta": 0.001,
    "patience": 3
  }
}