{
  "mae": 7.751373291015625,
  "mse": 110.44467163085938,
  "r2": 0.22015023231506348
}