{
  "mae": 7.752277374267578,
  "mse": 110.80706024169922,
  "r2": 0.21759140491485596,
  "train_time_sec": 2155.3746378421783,
  "infer_time_sec": 12.783464908599854,
  "param_count": 143093,
  "epochs_run": 21
}