{
  "val_loss": 0.46402880549430847,
  "val_accuracy": 0.8161295652389526,
  "accuracy": 0.816129577414678,
  "f1_score": 0.7649067543021688,
  "train_time_sec": 993.7102406024933,
  "infer_time_sec": 21.676953077316284,
  "param_count": 160098,
  "best_epoch": 7,
  "epochs_run": 10,
  "early_stopped": true,
  "early_stopping": {
    "monitor": "val_loss",
    "mode": "min",
    "min_delta": 0.001,
    "patience": 3
  }
}