{
  "val_loss": 1.4839521646499634,
  "val_accuracy": 0.4279446601867676,
  "accuracy": 0.4279446506918663,
  "f1_score": 0.3159390743106722,
  "train_time_sec": 43.65350365638733,
  "infer_time_sec": 1.5332942008972168,
  "param_count": 32085,
  "best_epoch": 5,
  "epochs_run": 8,
  "early_stopped": true,
  "early_stopping": {
    "monitor": "val_loss",
    "mode": "min",
    "min_delta": 0.001,
    "patience": 3
  }
}