{
  "val_loss": 369435.3125,
  "val_mae": 229.4541473388672,
  "mae": 229.4544677734375,
  "mse": 369436.1875,
  "r2": 0.2393496036529541,
  "train_time_sec": 1327.4963784217834,
  "infer_time_sec": 76.52942132949829,
  "param_count": 44289,
  "best_epoch": 1,
  "epochs_run": 4,
  "early_stopped": true,
  "early_stopping": {
    "monitor": "val_loss",
    "mode": "min",
    "min_delta": 0.001,
    "patience": 3
  }
}