{
  "val_loss": 0.46227505803108215,
  "val_accuracy": 0.8160492181777954,
  "accuracy": 0.8160491959383093,
  "f1_score": 0.7648991661748468,
  "train_time_sec": 830.9294347763062,
  "infer_time_sec": 20.47148299217224,
  "param_count": 100369,
  "best_epoch": 7,
  "epochs_run": 10,
  "early_stopped": true,
  "early_stopping": {
    "monitor": "val_loss",
    "mode": "min",
    "min_delta": 0.001,
    "patience": 3
  }
}