{
  "val_loss": 60290.34765625,
  "val_mae": 180.4536590576172,
  "mae": 180.4536590576172,
  "mse": 60290.33203125,
  "r2": 0.5062065124511719,
  "train_time_sec": 13.481158971786499,
  "infer_time_sec": 0.7527775764465332,
  "param_count": 36333,
  "best_epoch": 3,
  "epochs_run": 6,
  "early_stopped": true,
  "early_stopping": {
    "monitor": "val_loss",
    "mode": "min",
    "min_delta": 0.001,
    "patience": 3
  }
}