{
  "val_loss": 61255.62109375,
  "val_mae": 174.5673370361328,
  "mae": 174.5673370361328,
  "mse": 61255.62109375,
  "r2": 0.49830061197280884,
  "train_time_sec": 4.384366035461426,
  "infer_time_sec": 0.6380836963653564,
  "param_count": 36333,
  "best_epoch": 2,
  "epochs_run": 2,
  "early_stopped": false,
  "early_stopping": {
    "monitor": "val_loss",
    "mode": "min",
    "min_delta": 0.001,
    "patience": 3
  }
}