{
  "mae": 11.789580345153809,
  "mse": 1207.2769775390625,
  "r2": 0.3029813766479492
}