{
  "mae": 12.280105590820312,
  "mse": 1256.209228515625,
  "r2": 0.27473050355911255,
  "train_time_sec": 1254.0497512817383,
  "infer_time_sec": 12.12448787689209,
  "param_count": 143093,
  "epochs_run": 12
}